Datetime,Water Level (m)
2025-11-15 06:00:00,0.0035600583
2025-11-15 07:00:00,0.0032243317
2025-11-15 08:00:00,0.0014489392
2025-11-15 09:00:00,-0.0011016522
2025-11-15 10:00:00,0.03451317
2025-11-15 11:00:00,0.39342338
2025-11-15 12:00:00,0.74967605
2025-11-15 13:00:00,0.6739969
2025-11-15 14:00:00,0.60613513
2025-11-15 15:00:00,0.65442383
2025-11-15 16:00:00,1.2917227
2025-11-15 17:00:00,1.5664824
2025-11-15 18:00:00,1.5343021
2025-11-15 19:00:00,1.6009481
2025-11-15 20:00:00,1.496063
2025-11-15 21:00:00,1.8388947
2025-11-15 22:00:00,1.3373663
2025-11-15 23:00:00,1.0840815
2025-11-16 00:00:00,0.9524919
2025-11-16 01:00:00,1.6285512
2025-11-16 02:00:00,1.1308409
2025-11-16 03:00:00,1.3971318
2025-11-16 04:00:00,1.6142669
2025-11-16 05:00:00,1.6691953
2025-11-16 06:00:00,1.8098615
2025-11-16 07:00:00,1.8186197
2025-11-16 08:00:00,1.528828
2025-11-16 09:00:00,1.3469554
2025-11-16 10:00:00,1.6777853
2025-11-16 11:00:00,1.3804234
2025-11-16 12:00:00,1.07613
2025-11-16 13:00:00,1.209231
2025-11-16 14:00:00,1.534005
2025-11-16 15:00:00,1.2257544
2025-11-16 16:00:00,1.3740364
2025-11-16 17:00:00,1.816039
2025-11-16 18:00:00,1.7837504
2025-11-16 19:00:00,1.8847502
2025-11-16 20:00:00,1.753563
2025-11-16 21:00:00,1.533678
2025-11-16 22:00:00,1.3457656
2025-11-16 23:00:00,1.9572393
2025-11-17 00:00:00,1.3129139
2025-11-17 01:00:00,1.2518218
2025-11-17 02:00:00,1.2387936
2025-11-17 03:00:00,1.0177766
2025-11-17 04:00:00,1.1002831
2025-11-17 05:00:00,1.6384794
2025-11-17 06:00:00,1.8740418
2025-11-17 07:00:00,1.8776298
2025-11-17 08:00:00,2.1654546
2025-11-17 09:00:00,1.7024469
2025-11-17 10:00:00,1.4654703
2025-11-17 11:00:00,1.2937388
2025-11-17 12:00:00,1.8447313
2025-11-17 13:00:00,1.2305858
2025-11-17 14:00:00,0.95872366
2025-11-17 15:00:00,1.3653141
2025-11-17 16:00:00,1.8438784
2025-11-17 17:00:00,1.5254027
2025-11-17 18:00:00,1.5804204
2025-11-17 19:00:00,1.7679746
2025-11-17 20:00:00,2.267698
2025-11-17 21:00:00,1.768967
2025-11-17 22:00:00,1.6089252
2025-11-17 23:00:00,1.8070428
2025-11-18 00:00:00,1.5341413
2025-11-18 01:00:00,1.3971812
2025-11-18 02:00:00,1.7081987
2025-11-18 03:00:00,1.1554738
2025-11-18 04:00:00,1.1347307
2025-11-18 05:00:00,1.2857314
2025-11-18 06:00:00,1.902624
2025-11-18 07:00:00,1.6765643
2025-11-18 08:00:00,2.3565247
2025-11-18 09:00:00,1.7660714
2025-11-18 10:00:00,1.5420498
2025-11-18 11:00:00,1.3974872
2025-11-18 12:00:00,1.9344877
2025-11-18 13:00:00,1.3177974
2025-11-18 14:00:00,1.0464237
2025-11-18 15:00:00,1.1569496
2025-11-18 16:00:00,1.7154223
2025-11-18 17:00:00,1.4193028
2025-11-18 18:00:00,1.6226224
2025-11-18 19:00:00,2.1348805
2025-11-18 20:00:00,1.8158956
2025-11-18 21:00:00,1.7307655
2025-11-18 22:00:00,1.7744769
2025-11-18 23:00:00,1.9985976
2025-11-19 00:00:00,1.5101459
2025-11-19 01:00:00,1.3033779
2025-11-19 02:00:00,1.8330476
2025-11-19 03:00:00,1.2585828
2025-11-19 04:00:00,0.99917716
2025-11-19 05:00:00,1.2291498
2025-11-19 06:00:00,1.6647655
2025-11-19 07:00:00,1.6811739
2025-11-19 08:00:00,1.6635541
2025-11-19 09:00:00,1.6311558
2025-11-19 10:00:00,2.284639
2025-11-19 11:00:00,1.6482453
2025-11-19 12:00:00,1.4138272
2025-11-19 13:00:00,1.5371207
2025-11-19 14:00:00,1.4467359
2025-11-19 15:00:00,1.1686915
2025-11-19 16:00:00,1.3164462
2025-11-19 17:00:00,1.2899517
2025-11-19 18:00:00,1.3788643
2025-11-19 19:00:00,1.6644348
2025-11-19 20:00:00,2.1524673
2025-11-19 21:00:00,1.8473657
2025-11-19 22:00:00,2.2722807
2025-11-19 23:00:00,1.7804967
2025-11-20 00:00:00,1.5489204
2025-11-20 01:00:00,1.7416313
2025-11-20 02:00:00,1.4637413
2025-11-20 03:00:00,1.250004
2025-11-20 04:00:00,1.543863
2025-11-20 05:00:00,1.1686319
2025-11-20 06:00:00,1.2261962
2025-11-20 07:00:00,2.090078
2025-11-20 08:00:00,1.7544742
2025-11-20 09:00:00,2.1927006
2025-11-20 10:00:00,1.8737606
2025-11-20 11:00:00,1.6218574
2025-11-20 12:00:00,1.4582952
2025-11-20 13:00:00,1.944148
2025-11-20 14:00:00,1.3444823
2025-11-20 15:00:00,1.695191
2025-11-20 16:00:00,1.1814277
2025-11-20 17:00:00,1.0827098
2025-11-20 18:00:00,1.2252573
2025-11-20 19:00:00,1.7119155
2025-11-20 20:00:00,2.026843
2025-11-20 21:00:00,2.103544
2025-11-20 22:00:00,2.387956
2025-11-20 23:00:00,1.9060744
2025-11-21 00:00:00,1.6636496
2025-11-21 01:00:00,1.5142062
2025-11-21 02:00:00,1.9594951
2025-11-21 03:00:00,1.3653547
2025-11-21 04:00:00,1.1024045
2025-11-21 05:00:00,1.3783566
2025-11-21 06:00:00,1.3835108
